sqlite___sqlite,926f796e8feec15f3836aa0a060ed906f8ae04d3,ebd70eedd5d6e6a890a670b5ee874a5eae86b4dd,v0
sqlite___sqlite,a6c1a71cde082e09750465d5675699062922e387,b4b36306576fcc053f3e7f9fcfd990340bdb96e8,v0
webmproject___libvpx,3fbd1dca6a4d2dad332a2110d646e4ffef36d590,af6dedd715f4307669366944cca6e0417b290282,v0
dlundquist___sniproxy,f8d9a433fe22ab2fa15c00179048ab02ae23d583,822bb80df9b7b345cc9eba55df74a07b498819ba,v0
znc___znc,d229761821da38d984a9e4098ad96842490dc001,6d1ef8d09923388d4d5d390a4db898ca6194a2be,v0
znc___znc,2390ad111bde16a78c98ac44572090b33c3bd2d8,c16c343da91c0cb8d4ff2dd94ecd07e5a3a640b4,v0
php___php-src,28a6ed9f9a36b9c517e4a8a429baf4dd382fc5d5,f3309173f916e3c5cf37910975f04310706336b5,v0
php___php-src,abd159cce48f3e34f08e4751c568e09677d5ec9c,95ed19ae28009aa7b3ed42d5760478de82640560,v0
php___php-src,a44c89e8af7c2410f4bfc5e097be2a5d0639a60c,4dd03651f3c90a754600e9b76e33c9481bd9e720,v0
php___php-src,7722455726bec8c53458a32851d2a87982cf0eac,7245bff300d3fa8bacbef7897ff080a6f1c23eba,v0
php___php-src,698a691724c0a949295991e5df091ce16f899e02,e018ff094f8505ea77f881ba11176e3ad0b4863e,v0
php___php-src,6dbb1ee46b5f4725cc6519abf91e512a2a10dfed,698a691724c0a949295991e5df091ce16f899e02,v0
php___php-src,28022c9b1fd937436ab67bb3d61f652c108baf96,b735a4419c1e796520b395a2aa0b6943d9157b73,v0
php___php-src,b88393f08a558eec14964a55d3c680fe67407712,65c8caafa83ca78a8b2fa22257b4dea85b6114e5,v0
php___php-src,1cda0d7c2ffb62d8331c64e703131d9cabdc03ea,e5246580a85f031e1a3b8064edbaa55c1643a451,v0
php___php-src,8d2539fa0faf3f63e1d1e7635347c5b9e777d47b,97e16ebbe2976dad22e8238958d3d5f023cc0132,v0
php___php-src,523f230c831d7b33353203fa34aee4e92ac12bba,1f4b057b631f9c9672cfd180090d8f52197bf806,v0
libgd___libgd,58b6dde319c301b0eae27d12e2a659e067d80558,fe9ed49dafa993e3af96b6a5a589efeea9bfb36f,v0
libgd___libgd,1846f48e5fcdde996e7c27a4bbac5d0aef183e4b,58b6dde319c301b0eae27d12e2a659e067d80558,v0
libgd___libgd,69d2fd2c597ffc0c217de1238b9bf4d4bceba8e6,1846f48e5fcdde996e7c27a4bbac5d0aef183e4b,v0
bblanchon___ArduinoJson,5e7b9ec688d79e7b16ec7064e1d37e8481a31e72,08d05df00e3773ffecba9c5ec45e5344cc5f90de,v0
mongodb___mongo-c-driver,0d9a4d98bfdf4acd2c0138d4aaeb4e2e0934bd84,47d0f7eb3dfd16f37e21504a8ec36bc21eb28ed4,v0
the-tcpdump-group___tcpdump,f76e7feb41a4327d2b0978449bbdafe98d4a3771,a1eefe986065846b6c69dbc09afd9fa1a02c4a3d,v0
the-tcpdump-group___tcpdump,6f5ba2b651cd9d4b7fa8ee5c4f94460645877c45,c6e0531b5def26ecf912e8de6ade86cbdaed3751,v0
the-tcpdump-group___tcpdump,ffde45acf3348f8353fb4064a1b21683ee6b5ddf,6ec0c6fa63412c7a07a5bcb790a529c3563b4173,v0
the-tcpdump-group___tcpdump,3a76fd7c95fced2c2f8c8148a9055c3a542eff29,866c60236c41cea1e1654c8a071897292f64be49,v0
the-tcpdump-group___tcpdump,3b32029db354cbc875127869d9b12a9addc75b50,777edc563aacdaff66a0b829cecd2ccb09a10404,v0
the-tcpdump-group___tcpdump,979dcefd7b259e9e233f77fe1c5312793bfd948f,3b32029db354cbc875127869d9b12a9addc75b50,v0
the-tcpdump-group___tcpdump,6fca58f5f9c96749a575f52e20598ad43f5bdf30,34cec721d39c76be1e0a600829a7b17bdfb832b6,v0
the-tcpdump-group___tcpdump,8512734883227c11568bb35da1d48b9f8466f43f,a7e5f58f402e6919ec444a57946bade7dfd6b184,v0
the-tcpdump-group___tcpdump,b45a9a167ca6a3ef2752ae9d48d56ac14b001bfd,35d146b7a66496d72cdeb95ccb33ab80a265ce90,v0
the-tcpdump-group___tcpdump,ca336198e8bebccc18502de27672fdbd6eb34856,cc4a7391c616be7a64ed65742ef9ed3f106eb165,v0
the-tcpdump-group___tcpdump,5edf405d7ed9fc92f4f43e8a3d44baa4c6387562,ca336198e8bebccc18502de27672fdbd6eb34856,v0
the-tcpdump-group___tcpdump,11b426ee05eb62ed103218526f1fa616851c43ce,c177cb3800a9a68d79b2812f0ffcb9479abd6eb8,v0
the-tcpdump-group___tcpdump,67c7126062d59729cd421bb38f9594015c9907ba,c5dd7bef5e54da5996dc4713284aa6266ae75b75,v0
the-tcpdump-group___tcpdump,2d669862df7cd17f539129049f6fb70d17174125,eb8c0d4636363c881503d9c091604fbf785725eb,v0
the-tcpdump-group___tcpdump,1bc78d795cd5cad5525498658f414a11ea0a7e9c,0f1735981d7ee78af277fab4c29da83a3ce4da5e,v0
the-tcpdump-group___tcpdump,7d3aba9f06899d0128ef46e8a2fa143c6fad8f62,b8e559afaeb8fe0604a1f8e3ad4dc1445de07a00,v0
the-tcpdump-group___tcpdump,29e5470e6ab84badbc31f4532bb7554a796d9d52,a77ff09c46560bc895dea11dc9fe643486b056ac,v0
the-tcpdump-group___tcpdump,da6f1a677bfa4476abaeaf9b1afe1c4390f51b41,fe5ad997c499d6a7b033f52dc7581a23959abfd1,v0
the-tcpdump-group___tcpdump,571a6f33f47e7a2394fa08f925e534135c29cf1e,da6f1a677bfa4476abaeaf9b1afe1c4390f51b41,v0
the-tcpdump-group___tcpdump,7335163a6ef82d46ff18f3e6099a157747241629,3cb7c9ac790752e2f06ae7d8f4da3c75c934584c,v0
the-tcpdump-group___tcpdump,f4b9e24c7384d882a7f434cc7413925bf871d63e,4c3aee4bb0294c232d56b6d34e9eeb74f630fe8c,v0
the-tcpdump-group___tcpdump,39582c04cc5e34054b2936b423072fb9df2ff6ef,f4b9e24c7384d882a7f434cc7413925bf871d63e,v0
the-tcpdump-group___tcpdump,c2f6833dddecf2d5fb89c9c898eee9981da342ed,39582c04cc5e34054b2936b423072fb9df2ff6ef,v0
the-tcpdump-group___tcpdump,d10a0f980fe8f9407ab1ffbd612641433ebe175e,3b36ec4e713dea9266db11975066c425aa669b6c,v0
the-tcpdump-group___tcpdump,aa0858100096a3490edf93034a80e66a4d61aad5,d515b4b4a300479cdf1a6e0d1bb95bc1f9fee514,v0
the-tcpdump-group___tcpdump,3c8a2b0e91d8d8947e89384dacf6b54673083e71,6283c99a5196cb97399ca68f8793db6fde00b6af,v0
the-tcpdump-group___tcpdump,331530a4076c69bbd2e3214db6ccbe834fb75640,3c8a2b0e91d8d8947e89384dacf6b54673083e71,v0
the-tcpdump-group___tcpdump,289c672020280529fd382f3502efab7100d638ec,331530a4076c69bbd2e3214db6ccbe834fb75640,v0
uriparser___uriparser,864f5d4c127def386dd5cc926ad96934b297f04e,f7230d6a0c1b12c9857cf8562a47e2f616713070,v0
uriparser___uriparser,cef25028de5ff872c2e1f0a6c562eb3ea9ecbce4,499214c7f0b3935c6c14436e6aabb9e82990377d,v0
wez___atomicparsley,d72ccf06c98259d7261e0f3ac4fd8717778782c1,020176f688d9efec68f1ce1b100e052bff1cfc2e,v0
ARMmbed___mbedtls,d15795acd5074e0b44e71f7ede8bdfe1b48591fc,1beb048316d50a0e7ed7d1c0e9a07b9ac7fe8bba,v0
PCRE2Project___pcre2,50a51cb7e67268e6ad417eb07c9de9bfea5cc55a,f7a7341726f58f4660fc29bad58c7304a96c8318,v0
ClusterLabs___libqb,1bbaa929b77113532785c408dd1b41cd0521ffc8,92ddd7c92961e321ef96a99066924a6a395b334d,v0
DaveGamble___cJSON,be749d7efa7c9021da746e685bd6dec79f9dd99b,cb1df2f88c0d335e031ade0d52fd6a59528c622f,v0
libuv___libuv,0f2d7e784a256b54b2385043438848047bc2a629,bb6fbcf6e75201cebac30220366d4aff620b8765,v0
libuv___libuv,3530bcc30350d4a6ccf35d2f7b33e23292b9de70,0f2d7e784a256b54b2385043438848047bc2a629,v0
OpenIDC___cjose,7325e9a5e71e2fc0e350487ecac7d84acdf0ed5e,96f8cb8d1630d76630010a535ba36aecfec8e9c6,v0
CauldronDevelopmentLLC___cbang,1c1dba62bd3e6fa9d0d0c0aa21926043b75382c7,71a999a1049dfb0cf745b8cd549b4fb6c5585cc3,v0
jqlang___jq,c9a51565214eece8f1053089739aea73145bfd6b,c5fd64ba975ee35df17bb0c335efb00bffce4d91,v0
VirusTotal___yara,4a342f01e5439b9bb901aff1c6c23c536baeeb3f,c57c6c1d86fddb7d343d9f6c2f8d9c390fd46f6a,v0
danmar___cppcheck,099b4435c38dd52ddb38e6b1706d9c988699c082,3930f2d6bc607ed6afd1511d65ef03e37ecca904,v1
danmar___cppcheck,caa6ff7c2a6ef64df53e04701944aaa4712a1915,9a0303e0ae20b7d3c2dbd999421292ccc96222b5,v1
danmar___cppcheck,d0b6079a832d5c156af1e51274e09f28ee8677a7,0093452bed30f27a8a63665ec1beb0a75935adbc,v1
danmar___cppcheck,4ad90bf6f1cb0149c79324dff027cf8558c041c1,fa72ec20b26765a5fc3cefc9641fd8a92b8207c2,v1
danmar___cppcheck,290563b9640505d140684587e5c21e887d510495,f72847530e9431a3042306e0748ddc90667d859c,v1
danmar___cppcheck,797de4ef920dda5c569e5fd74e27731bc32053dd,65a6d4b45c37152e06a240bb8dd377e041ca1aa2,v1
danmar___cppcheck,f5dbfce8ffb3132bb49a155527a620c98e61b4a1,d934065d218aa1e8cc91e06cdd41c3e9c42d13f8,v1
danmar___cppcheck,6a81b4c17c87241c6f205e9d47ebc9b5af7f0f38,9d51b4450b676264ddba49935fc4f58f429a291a,v1
danmar___cppcheck,6f2879a59b2c71b1fdb472471412c4b73184fea0,ad2f71338cb34fbca1a83ab53a5db171a66ea0f0,v1
danmar___cppcheck,c4dcfef38564e97442fb6c122f5e67c908e0c665,3ba69145635a4ff01d4cec65a0293f5b8ccd13b0,v1
danmar___cppcheck,81a1d744c6e9d13f2fac894c380caafb270741df,67e8b99c2c52956c66895c4b61b9a2f2e037125e,v1
danmar___cppcheck,4779f0e1725c5807b329798e12dbeaddbf568b65,5804cc44e71d132c85e496e5653bd77e38aedf32,v1
danmar___cppcheck,f1169bf2b43fc1beab0da21e430adaa0a7a9eb49,30fbded4060ef7c61a733fd0e8443c85232287d0,v1
danmar___cppcheck,fd3cb2497364d350632c288ce3771738499f718e,c0a8d628b98ff0b65a02e603c496020edb7a0e82,v1
skypjack___entt,cf0da32fd0d0c9fe6ac322f18a8b6176407f7679,5a3085c42be70982414a32450c7055d3f22f0f0b,v1
skypjack___entt,ad5bb5198bae3e41beafc96a0a509725df0d3f79,d306bc4a9a008e15eb0179bf9000e1154c2d052c,v1
apache___arrow,eea4a54f66a36137f4204876a68e6d5ed913cbc5,ff80b30ea6424f21d15ca9511107a869a2f956b0,v1
apache___arrow,4a7e19e118907d0b1c7e1505697a5b74a541c9f7,58d5bf5053ee26b2b7f7bb26f1252467cd6b2ee6,v1
apache___arrow,3d0a9d58b6fe29dcb208c3fa244c789449517988,f40e2871919b577995a8e9e2419af2e494f574cb,v1
apache___arrow,c4f8436e2532524c2a2f9cc26f73c6b7dfababaa,18181fe3022d5142511f507fa3047796c627d88b,v1
nanomsg___nng,e3b8f31b044e4fe7d47439467fc1622266b5335c,0467702bf1e5b4777c254d4116d8f8972b5a44a2,v1
nanomsg___nng,6a59b15fba1085432c4c18952680e14d80dd134a,57e315d7b3a2baf38ec3085faf59c4aef4a0ab9e,v1
fmtlib___fmt,96c18b26c28bbdb8305b79be4eacfb28ee4aa872,981b517ccf2d91bf3bf52c518ac43710b57b5e17,v1
fmtlib___fmt,279d698e1b37f3f0a9b5c21b12198894d31c381d,76cfb50b2d8df5b0193744091f2bc3c8b4f87eaa,v1
fmtlib___fmt,e6b37b4aff1a673cb735b9b287aa637142120f6d,8cf4c52068054661a9b2fdeae5b2baa25fc9d175,v1
fmtlib___fmt,c04fb91b03cb6480c4a39b214efb6b05e452b20c,323b92bffef75c9cf99dd8666bfc2f7e11fb8cb0,v1
fmtlib___fmt,2b7a146fa1f91ee3d7ebc6a782663185543bc373,89d0c7124bc7330e90712f9b1fa9824a0fa8303a,v1
CESNET___libyang,ea0f96cf45deed39fb98b28f30d0acdc304db243,09abf888c0f33904f05d2c93c4465a92927fd500,v1
CESNET___libyang,350a6bf69e03d19fe996cba992b49556ae2ce8ab,95485ea4036af9c93ac3bd756c8c20509a717d4e,v1
CESNET___libyang,a353cce850560bea761d67a2fbcaf9cb271f586f,cb798b15339388572ede29205112fe8d1bcf1be5,v1
CESNET___libyang,24bd22f5e40f37fb6ae796bb8eebc9de58bae00e,fd86c5c742590679c4d0731e516fb6674363a003,v1
facebook___rocksdb,cc8ded6152c51ac853d2915273eed3e6f9af029b,fbfcf5cbcd3b09b6de0924d3c52a744a626135c0,v1
facebook___rocksdb,1d2950b8dd38009d0719e4a857f5a42bb1bc9675,d665afdbf30d8038d98e4333346fa4a5e83c0d21,v1
CLIUtils___CLI11,020a21afc65fe843efca5b2f74e3d5b502425f76,c692be41cf7ea9c11e23d23515c8c082227d234d,v1
KhronosGroup___SPIRV-Tools,948577c5df3a6f0d337ab417b26edcc344eb65e2,df859f77dab392dbc78c213d36ba19216b3d068e,v1
KhronosGroup___SPIRV-Tools,54385458ca2f7a7b06699e441822753dbc2d018d,868ca3954c2ee1aad3b52c6eb8f45e09d1d35995,v1
KhronosGroup___SPIRV-Tools,4fa1a6f9b497193e54a814112f17ab3c2cf58053,196f638d73ef0a55ce7d99b71f525a8baee3c57e,v1
KhronosGroup___SPIRV-Tools,0a5d99d02cb8c0edd41c7a9d4f309c0974d076d0,af7410597e3869ebba56dfe5067abc3bb2dc5dbc,v1
